{
  "Profiles": [
    {
      "Name": "ws_config",
      "Guid": "ws-config-iterm2-profile-001",
      "Normal Font": "JetBrainsMonoNFM-Regular 14",
      "Use Non-ASCII Font": false,
      "Transparency": 0.08,
      "Blur": true,
      "Blur Radius": 8,
      "Columns": 220,
      "Rows": 50,
      "Scrollback Lines": 10000,
      "Mouse Reporting": true,
      "Background Color": {
        "Color Space": "sRGB",
        "Red Component": 0.11764705882352941,
        "Green Component": 0.11764705882352941,
        "Blue Component": 0.18039215686274510,
        "Alpha Component": 1
      },
      "Foreground Color": {
        "Color Space": "sRGB",
        "Red Component": 0.80392156862745101,
        "Green Component": 0.83921568627450980,
        "Blue Component": 0.95686274509803926,
        "Alpha Component": 1
      },
      "Bold Color": {
        "Color Space": "sRGB",
        "Red Component": 0.80392156862745101,
        "Green Component": 0.83921568627450980,
        "Blue Component": 0.95686274509803926,
        "Alpha Component": 1
      },
      "Selection Color": {
        "Color Space": "sRGB",
        "Red Component": 0.27450980392156860,
        "Green Component": 0.28235294117647060,
        "Blue Component": 0.36078431372549020,
        "Alpha Component": 1
      },
      "Selected Text Color": {
        "Color Space": "sRGB",
        "Red Component": 0.80392156862745101,
        "Green Component": 0.83921568627450980,
        "Blue Component": 0.95686274509803926,
        "Alpha Component": 1
      },
      "Cursor Color": {
        "Color Space": "sRGB",
        "Red Component": 0.80392156862745101,
        "Green Component": 0.83921568627450980,
        "Blue Component": 0.95686274509803926,
        "Alpha Component": 1
      },
      "Cursor Text Color": {
        "Color Space": "sRGB",
        "Red Component": 0.11764705882352941,
        "Green Component": 0.11764705882352941,
        "Blue Component": 0.18039215686274510,
        "Alpha Component": 1
      },
      "Ansi 0 Color": {
        "Color Space": "sRGB",
        "Red Component": 0.27058823529411763,
        "Green Component": 0.27843137254901960,
        "Blue Component": 0.35294117647058826,
        "Alpha Component": 1
      },
      "Ansi 1 Color": {
        "Color Space": "sRGB",
        "Red Component": 0.95294117647058818,
        "Green Component": 0.54509803921568623,
        "Blue Component": 0.65882352941176472,
        "Alpha Component": 1
      },
      "Ansi 2 Color": {
        "Color Space": "sRGB",
        "Red Component": 0.65098039215686276,
        "Green Component": 0.88627450980392153,
        "Blue Component": 0.63137254901960782,
        "Alpha Component": 1
      },
      "Ansi 3 Color": {
        "Color Space": "sRGB",
        "Red Component": 0.97647058823529413,
        "Green Component": 0.88627450980392153,
        "Blue Component": 0.68627450980392157,
        "Alpha Component": 1
      },
      "Ansi 4 Color": {
        "Color Space": "sRGB",
        "Red Component": 0.53725490196078429,
        "Green Component": 0.70588235294117652,
        "Blue Component": 0.98039215686274506,
        "Alpha Component": 1
      },
      "Ansi 5 Color": {
        "Color Space": "sRGB",
        "Red Component": 0.96078431372549022,
        "Green Component": 0.76078431372549016,
        "Blue Component": 0.90588235294117647,
        "Alpha Component": 1
      },
      "Ansi 6 Color": {
        "Color Space": "sRGB",
        "Red Component": 0.58039215686274515,
        "Green Component": 0.88627450980392153,
        "Blue Component": 0.83529411764705885,
        "Alpha Component": 1
      },
      "Ansi 7 Color": {
        "Color Space": "sRGB",
        "Red Component": 0.72941176470588232,
        "Green Component": 0.76078431372549016,
        "Blue Component": 0.87058823529411766,
        "Alpha Component": 1
      },
      "Ansi 8 Color": {
        "Color Space": "sRGB",
        "Red Component": 0.34509803921568627,
        "Green Component": 0.35686274509803922,
        "Blue Component": 0.43921568627450980,
        "Alpha Component": 1
      },
      "Ansi 9 Color": {
        "Color Space": "sRGB",
        "Red Component": 0.95294117647058818,
        "Green Component": 0.54509803921568623,
        "Blue Component": 0.65882352941176472,
        "Alpha Component": 1
      },
      "Ansi 10 Color": {
        "Color Space": "sRGB",
        "Red Component": 0.65098039215686276,
        "Green Component": 0.88627450980392153,
        "Blue Component": 0.63137254901960782,
        "Alpha Component": 1
      },
      "Ansi 11 Color": {
        "Color Space": "sRGB",
        "Red Component": 0.97647058823529413,
        "Green Component": 0.88627450980392153,
        "Blue Component": 0.68627450980392157,
        "Alpha Component": 1
      },
      "Ansi 12 Color": {
        "Color Space": "sRGB",
        "Red Component": 0.53725490196078429,
        "Green Component": 0.70588235294117652,
        "Blue Component": 0.98039215686274506,
        "Alpha Component": 1
      },
      "Ansi 13 Color": {
        "Color Space": "sRGB",
        "Red Component": 0.96078431372549022,
        "Green Component": 0.76078431372549016,
        "Blue Component": 0.90588235294117647,
        "Alpha Component": 1
      },
      "Ansi 14 Color": {
        "Color Space": "sRGB",
        "Red Component": 0.58039215686274515,
        "Green Component": 0.88627450980392153,
        "Blue Component": 0.83529411764705885,
        "Alpha Component": 1
      },
      "Ansi 15 Color": {
        "Color Space": "sRGB",
        "Red Component": 0.65098039215686276,
        "Green Component": 0.67843137254901964,
        "Blue Component": 0.78431372549019607,
        "Alpha Component": 1
      }
    }
  ]
}
